{"train/box_loss": 0.92887, "train/seg_loss": 1.20329, "train/cls_loss": 0.94985, "train/dfl_loss": 1.04615, "_timestamp": 1699341681.8195524, "lr/pg0": 0.009901, "lr/pg1": 0.009901, "lr/pg2": 0.009901, "metrics/precision(B)": 0.66, "metrics/recall(B)": 0.73162, "metrics/mAP50(B)": 0.71473, "metrics/mAP50-95(B)": 0.54263, "metrics/precision(M)": 0.66129, "metrics/recall(M)": 0.73329, "metrics/mAP50(M)": 0.71663, "metrics/mAP50-95(M)": 0.54038, "val/box_loss": 0.84083, "val/seg_loss": 1.27259, "val/cls_loss": 0.98715, "val/dfl_loss": 1.01673, "labels": {"_type": "image-file", "sha256": "0cb5213d76e837fd0b63976589acf05ad9e0bf3d13f9c2aa9b1941c5c9329e35", "size": 127320, "path": "media/images/labels_1_0cb5213d76e837fd0b63.jpg", "format": "jpg", "width": 1600, "height": 1600}, "train_batch0": {"_type": "image-file", "sha256": "97857607e0a44ca3a48f5032633c3bec3e7be58b9695ba6222157e18ab5a2312", "size": 513809, "path": "media/images/train_batch0_1_97857607e0a44ca3a48f.jpg", "format": "jpg", "width": 1920, "height": 1920}, "train_batch1": {"_type": "image-file", "sha256": "eed714adc0cebfd6b95d3e38b0c2a86300a914719284f2ff855e91142a69aeb5", "size": 466787, "path": "media/images/train_batch1_1_eed714adc0cebfd6b95d.jpg", "format": "jpg", "width": 1920, "height": 1920}, "train_batch2": {"_type": "image-file", "sha256": "e3bb65621beef144e53f9eb45baf3863444a544d4a323a82f9dd207179fa83cc", "size": 512593, "path": "media/images/train_batch2_1_e3bb65621beef144e53f.jpg", "format": "jpg", "width": 1920, "height": 1920}, "model/parameters": 3264006, "model/GFLOPs": 0.0, "model/speed_PyTorch(ms)": 7.867, "_runtime": 1553.7416543960571, "_step": 5}